"InstanceBase","AlgoLabel","FinalCost","BestKnown","RPD","Time"
"N-be75eec_150","ACO",6865525,3482828,-97.1250087572513,114.250807
"N-be75eec_150","SA",3471378,3482828,0.328755827161146,102.6408
"N-be75np_150","ACO",9368033,7174325,-30.5772041272175,105.118817
"N-be75np_150","SA",7149175,7174325,0.350555627184439,102.640846
"N-be75oi_150","ACO",3644095,2246534,-62.2096527361705,102.807509
"N-be75oi_150","SA",2240170,2246534,0.283280822814166,102.640834
"N-be75tot_150","ACO",15496773,12287707,-26.116068685557,109.076526
"N-be75tot_150","SA",12242755,12287707,0.365829035474235,102.640811
"N-stabu1_150","ACO",7074254,2875732,-145.998375370167,105.360482
"N-stabu1_150","SA",2863985,2875732,0.408487299929201,102.64085
"N-stabu2_150","ACO",11730465,4327538,-171.065557367723,105.322547
"N-stabu2_150","SA",4317815,4327538,0.22467740317936,102.640789
"N-stabu3_150","ACO",9853918,4510445,-118.468865045467,105.063221
"N-stabu3_150","SA",4483115,4510445,0.605926909650822,102.640805
"N-t59b11xx_150","ACO",4366505,3239550,-34.7873933107993,108.354239
"N-t59b11xx_150","SA",3215400,3239550,0.745473908413206,102.640843
"N-t59d11xx_150","ACO",1844291,1462697,-26.088383308368,103.26183
"N-t59d11xx_150","SA",1460471,1462697,0.152184628805556,102.640811
"N-t59f11xx_150","ACO",14576372,1543733,-844.228827135262,109.419989
"N-t59f11xx_150","SA",1534464,1543733,0.600427664628534,102.640842
"N-t59n11xx_150","ACO",738742,318960,-131.609606220216,114.411193
"N-t59n11xx_150","SA",318475,318960,0.152056684223727,102.640808
"N-t65b11xx_150","ACO",10482698,6453836,-62.4258503005034,106.945425
"N-t65b11xx_150","SA",6421123,6453836,0.506876840378342,102.640836
"N-t65d11xx_150","ACO",10165972,3559347,-185.613400435529,114.443861
"N-t65d11xx_150","SA",3547344,3559347,0.337224777466204,102.640844
"N-t65f11xx_150","ACO",4431647,3159326,-40.2719124268911,114.893679
"N-t65f11xx_150","SA",3147842,3159326,0.36349525183536,102.640807
"N-t65l11xx_150","ACO",383790,253396,-51.4585865601667,112.286824
"N-t65l11xx_150","SA",252114,253396,0.505927481096781,102.640777
"N-t65n11xx_150","ACO",2591110,550733,-370.48388238947,112.025035
"N-t65n11xx_150","SA",548205,550733,0.459024609021068,102.640831
"N-t69r11xx_150","ACO",21042485,11855957,-77.4844915513779,104.649099
"N-t69r11xx_150","SA",11823337,11855957,0.275135950644895,102.640837
"N-t70b11xx_150","ACO",12465327,9647229,-29.2114761658503,105.091571
"N-t70b11xx_150","SA",9609038,9647229,0.395875333735729,102.64082
"N-t70d11xn_150","ACO",7654360,5825147,-31.4020058206256,108.466403
"N-t70d11xn_150","SA",5796444,5825147,0.49274292992091,102.640834
"N-t70d11xx_150","ACO",8325435,6174178,-34.8428082248358,107.008016
"N-t70d11xx_150","SA",6132840,6174178,0.66953042170148,102.640797
"N-t70f11xx_150","ACO",6480671,5150097,-25.8359017315596,110.215957
"N-t70f11xx_150","SA",5108017,5150097,0.817071989129525,102.640807
"N-t70l11xx_150","ACO",611879,436862,-40.0623080057318,103.662411
"N-t70l11xx_150","SA",435665,436862,0.273999569658153,102.640826
"N-t70n11xx_150","ACO",1306353,948913,-37.668363696145,108.354942
"N-t70n11xx_150","SA",945260,948913,0.384966798853003,102.640804
"N-t74d11xx_150","ACO",11927474,9396044,-26.9414447186497,105.515857
"N-t74d11xx_150","SA",9335583,9396044,0.643472933928364,102.640811
"N-t75d11xx_150","ACO",12578496,9642140,-30.4533640872254,109.428918
"N-t75d11xx_150","SA",9575682,9642140,0.689245333504803,102.640826
"N-t75e11xx_150","ACO",56611475,41570193,-36.1828534209596,103.527464
"N-t75e11xx_150","SA",41351220,41570193,0.526754831280192,509.68903
"N-t75k11xx_150","ACO",2152736,1541596,-39.6433306780765,102.771723
"N-t75k11xx_150","SA",1536462,1541596,0.333031481659267,102.640835
"N-t75n11xx_150","ACO",2611349,1743094,-49.8111404204248,105.573136
"N-t75n11xx_150","SA",1731572,1743094,0.661008528513092,102.640804
"N-tiw56n54_150","ACO",1079979,837945,-28.884234645472,113.812235
"N-tiw56n54_150","SA",834430,837945,0.419478605397729,102.640841
"N-tiw56n58_150","ACO",1527807,1155392,-32.2327833324101,115.999954
"N-tiw56n58_150","SA",1150026,1155392,0.464431119481527,102.640839
"N-tiw56n62_150","ACO",2148540,1626921,-32.0617288731291,103.23342
"N-tiw56n62_150","SA",1619674,1626921,0.445442649028441,102.64081
"N-tiw56n66_150","ACO",2748515,2107619,-30.4085320923753,116.240305
"N-tiw56n66_150","SA",2097991,2107619,0.456818808333005,102.640824
"N-tiw56n67_150","ACO",3149388,2372926,-32.7217115072278,104.366091
"N-tiw56n67_150","SA",2366393,2372926,0.275314105876037,102.640805
"N-tiw56n72_150","ACO",5617162,4135907,-35.8145142045022,105.57378
"N-tiw56n72_150","SA",4112051,4135907,0.576802137959098,102.640795
"N-tiw56r54_150","ACO",1236961,958192,-29.0932297493613,114.342047
"N-tiw56r54_150","SA",953543,958192,0.485184597658924,102.640799
"N-tiw56r58_150","ACO",1534879,1219295,-25.8824976728355,116.341625
"N-tiw56r58_150","SA",1214003,1219295,0.434021299193386,102.640851
"N-tiw56r66_150","ACO",2504241,1940755,-29.0343706444142,117.159693
"N-tiw56r66_150","SA",1932275,1940755,0.436943354519246,102.640808
"N-tiw56r67_150","ACO",2552223,2056347,-24.1144125967067,115.18083
"N-tiw56r67_150","SA",2049509,2056347,0.332531425873162,102.640813
"N-tiw56r72_150","ACO",3526423,2823758,-24.8840375131297,104.183217
"N-tiw56r72_150","SA",2812650,2823758,0.393376486228636,102.640885
