Instance;Init;Neighborhood;Pivot;InitialCost;FinalCost;Time
instances/N-be75eec_150;0;0;0;2076910;2110005;0.000862
instances/N-be75eec_150;0;0;1;2076910;2116936;0.001668
instances/N-be75eec_150;0;1;0;2076910;3397099;0.549232
instances/N-be75eec_150;0;1;1;2076910;3370646;0.164394
instances/N-be75eec_150;0;2;0;2076910;3419060;0.482267
instances/N-be75eec_150;0;2;1;2076910;3422308;0.124994
instances/N-be75eec_150;1;0;0;2757802;2796430;0.000842
instances/N-be75eec_150;1;0;1;2757802;2796967;0.001883
instances/N-be75eec_150;1;1;0;2757802;3393632;0.451153
instances/N-be75eec_150;1;1;1;2757802;3389592;0.116705
instances/N-be75eec_150;1;2;0;2757802;3419503;0.334287
instances/N-be75eec_150;1;2;1;2757802;3432632;0.120233
instances/N-be75eec_250;0;0;0;5590936;5668583;0.008070
instances/N-be75eec_250;0;0;1;5590936;5665677;0.011859
instances/N-be75eec_250;0;1;0;5590936;8707547;9.964924
instances/N-be75eec_250;0;1;1;5590936;8589659;1.382025
instances/N-be75eec_250;0;2;0;5590936;8695911;7.459130
instances/N-be75eec_250;0;2;1;5590936;8661395;1.363991
instances/N-be75eec_250;1;0;0;7066158;7096839;0.004396
instances/N-be75eec_250;1;0;1;7066158;7171165;0.007887
instances/N-be75eec_250;1;1;0;7066158;8696458;6.501324
instances/N-be75eec_250;1;1;1;7066158;8634516;1.143809
instances/N-be75eec_250;1;2;0;7066158;8741350;5.077083
instances/N-be75eec_250;1;2;1;7066158;8735780;1.213029
instances/N-be75np_150;0;0;0;4732549;4809500;0.001027
instances/N-be75np_150;0;0;1;4732549;4807943;0.002165
instances/N-be75np_150;0;1;0;4732549;7002130;0.541991
instances/N-be75np_150;0;1;1;4732549;6937823;0.105082
instances/N-be75np_150;0;2;0;4732549;7116303;0.476978
instances/N-be75np_150;0;2;1;4732549;7044246;0.124637
instances/N-be75np_150;1;0;0;5606444;5697607;0.001245
instances/N-be75np_150;1;0;1;5606444;5723745;0.002496
instances/N-be75np_150;1;1;0;5606444;7023689;0.426103
instances/N-be75np_150;1;1;1;5606444;6916233;0.111746
instances/N-be75np_150;1;2;0;5606444;7082252;0.523893
instances/N-be75np_150;1;2;1;5606444;6998024;0.167231
instances/N-be75np_250;0;0;0;11650823;11908894;0.005366
instances/N-be75np_250;0;0;1;11650823;11849453;0.010267
instances/N-be75np_250;0;1;0;11650823;17401607;9.744327
instances/N-be75np_250;0;1;1;11650823;17120472;1.341028
instances/N-be75np_250;0;2;0;11650823;17437911;8.252000
instances/N-be75np_250;0;2;1;11650823;17438981;1.327706
instances/N-be75np_250;1;0;0;14371573;14517623;0.005049
instances/N-be75np_250;1;0;1;14371573;14534276;0.009712
instances/N-be75np_250;1;1;0;14371573;17421054;8.099259
instances/N-be75np_250;1;1;1;14371573;17290912;1.454543
instances/N-be75np_250;1;2;0;14371573;17545396;5.767605
instances/N-be75np_250;1;2;1;14371573;17507413;1.558038
instances/N-be75oi_150;0;0;0;1485079;1494458;0.001079
instances/N-be75oi_150;0;0;1;1485079;1494457;0.003862
instances/N-be75oi_150;0;1;0;1485079;2200985;0.600750
instances/N-be75oi_150;0;1;1;1485079;2206582;0.134285
instances/N-be75oi_150;0;2;0;1485079;2212119;0.436152
instances/N-be75oi_150;0;2;1;1485079;2212618;0.121373
instances/N-be75oi_150;1;0;0;1885382;1912734;0.000771
instances/N-be75oi_150;1;0;1;1885382;1924359;0.001487
instances/N-be75oi_150;1;1;0;1885382;2201037;0.406060
instances/N-be75oi_150;1;1;1;1885382;2196375;0.091783
instances/N-be75oi_150;1;2;0;1885382;2216722;0.308191
instances/N-be75oi_150;1;2;1;1885382;2207498;0.111295
instances/N-be75oi_250;0;0;0;2941506;2961478;0.006208
instances/N-be75oi_250;0;0;1;2941506;2974767;0.010641
instances/N-be75oi_250;0;1;0;2941506;5761454;10.924483
instances/N-be75oi_250;0;1;1;2941506;5743334;1.333797
instances/N-be75oi_250;0;2;0;2941506;5784346;6.977523
instances/N-be75oi_250;0;2;1;2941506;5748063;1.441890
instances/N-be75oi_250;1;0;0;4848677;4875119;0.002908
instances/N-be75oi_250;1;0;1;4848677;4873485;0.005290
instances/N-be75oi_250;1;1;0;4848677;5816265;8.350505
instances/N-be75oi_250;1;1;1;4848677;5724181;1.248956
instances/N-be75oi_250;1;2;0;4848677;5807384;4.327704
instances/N-be75oi_250;1;2;1;4848677;5812662;1.454780
instances/N-be75tot_150;0;0;0;7568224;7763504;0.001392
instances/N-be75tot_150;0;0;1;7568224;7759919;0.002317
instances/N-be75tot_150;0;1;0;7568224;11881492;0.597869
instances/N-be75tot_150;0;1;1;7568224;11788049;0.101968
instances/N-be75tot_150;0;2;0;7568224;11936955;0.441864
instances/N-be75tot_150;0;2;1;7568224;11989949;0.140314
instances/N-be75tot_150;1;0;0;9420023;9532263;0.001448
instances/N-be75tot_150;1;0;1;9420023;9586457;0.002867
instances/N-be75tot_150;1;1;0;9420023;11998690;0.515924
instances/N-be75tot_150;1;1;1;9420023;11787610;0.096754
instances/N-be75tot_150;1;2;0;9420023;12039970;0.386753
instances/N-be75tot_150;1;2;1;9420023;11946503;0.122683
instances/N-be75tot_250;0;0;0;20229878;20410636;0.005183
instances/N-be75tot_250;0;0;1;20229878;20495488;0.010058
instances/N-be75tot_250;0;1;0;20229878;30351180;9.338051
instances/N-be75tot_250;0;1;1;20229878;29877673;1.335219
instances/N-be75tot_250;0;2;0;20229878;30500814;7.527323
instances/N-be75tot_250;0;2;1;20229878;30318649;1.338619
instances/N-be75tot_250;1;0;0;24954878;25213587;0.005332
instances/N-be75tot_250;1;0;1;24954878;25308682;0.009324
instances/N-be75tot_250;1;1;0;24954878;30292975;8.078981
instances/N-be75tot_250;1;1;1;24954878;30028596;1.184732
instances/N-be75tot_250;1;2;0;24954878;30509979;5.301169
instances/N-be75tot_250;1;2;1;24954878;30200331;1.255442
instances/N-stabu1_150;0;0;0;1799809;1827538;0.001696
instances/N-stabu1_150;0;0;1;1799809;1836079;0.004478
instances/N-stabu1_150;0;1;0;1799809;2800349;0.654786
instances/N-stabu1_150;0;1;1;1799809;2769345;0.106848
instances/N-stabu1_150;0;2;0;1799809;2824108;0.599418
instances/N-stabu1_150;0;2;1;1799809;2815434;0.129416
instances/N-stabu1_150;1;0;0;2282133;2317387;0.001423
instances/N-stabu1_150;1;0;1;2282133;2319068;0.002354
instances/N-stabu1_150;1;1;0;2282133;2807790;0.529876
instances/N-stabu1_150;1;1;1;2282133;2791619;0.102668
instances/N-stabu1_150;1;2;0;2282133;2843710;0.433702
instances/N-stabu1_150;1;2;1;2282133;2850407;0.136153
instances/N-stabu1_250;0;0;0;4773383;4880794;0.005170
instances/N-stabu1_250;0;0;1;4773383;4871705;0.011257
instances/N-stabu1_250;0;1;0;4773383;7551833;9.759432
instances/N-stabu1_250;0;1;1;4773383;7529820;1.517199
instances/N-stabu1_250;0;2;0;4773383;7623629;8.824507
instances/N-stabu1_250;0;2;1;4773383;7565869;1.374664
instances/N-stabu1_250;1;0;0;6274331;6421099;0.006034
instances/N-stabu1_250;1;0;1;6274331;6421651;0.010580
instances/N-stabu1_250;1;1;0;6274331;7583496;7.770095
instances/N-stabu1_250;1;1;1;6274331;7468950;1.240594
instances/N-stabu1_250;1;2;0;6274331;7616727;5.278815
instances/N-stabu1_250;1;2;1;6274331;7602045;1.489881
instances/N-stabu2_150;0;0;0;2664889;2726108;0.001667
instances/N-stabu2_150;0;0;1;2664889;2730307;0.001984
instances/N-stabu2_150;0;1;0;2664889;4215338;0.701125
instances/N-stabu2_150;0;1;1;2664889;4231238;0.128392
instances/N-stabu2_150;0;2;0;2664889;4259868;0.612049
instances/N-stabu2_150;0;2;1;2664889;4224250;0.117288
instances/N-stabu2_150;1;0;0;3383526;3453222;0.001322
instances/N-stabu2_150;1;0;1;3383526;3486171;0.002506
instances/N-stabu2_150;1;1;0;3383526;4246526;0.548578
instances/N-stabu2_150;1;1;1;3383526;4198173;0.114170
instances/N-stabu2_150;1;2;0;3383526;4277749;0.368298
instances/N-stabu2_150;1;2;1;3383526;4274892;0.107297
instances/N-stabu2_250;0;0;0;8004172;8062091;0.004932
instances/N-stabu2_250;0;0;1;8004172;8105175;0.009970
instances/N-stabu2_250;0;1;0;8004172;11173048;8.796175
instances/N-stabu2_250;0;1;1;8004172;11086653;1.338614
instances/N-stabu2_250;0;2;0;8004172;11246083;8.122371
instances/N-stabu2_250;0;2;1;8004172;11282792;1.409367
instances/N-stabu2_250;1;0;0;9257449;9355096;0.004399
instances/N-stabu2_250;1;0;1;9257449;9369564;0.008918
instances/N-stabu2_250;1;1;0;9257449;11214081;8.342729
instances/N-stabu2_250;1;1;1;9257449;11096350;1.142038
instances/N-stabu2_250;1;2;0;9257449;11254620;5.404203
instances/N-stabu2_250;1;2;1;9257449;11249098;1.425457
instances/N-stabu3_150;0;0;0;2563634;2651712;0.001222
instances/N-stabu3_150;0;0;1;2563634;2647243;0.002040
instances/N-stabu3_150;0;1;0;2563634;4398699;0.667793
instances/N-stabu3_150;0;1;1;2563634;4350861;0.099828
instances/N-stabu3_150;0;2;0;2563634;4459764;0.645941
instances/N-stabu3_150;0;2;1;2563634;4432284;0.143071
instances/N-stabu3_150;1;0;0;3514232;3604140;0.001532
instances/N-stabu3_150;1;0;1;3514232;3628563;0.002692
instances/N-stabu3_150;1;1;0;3514232;4440281;0.545603
instances/N-stabu3_150;1;1;1;3514232;4440008;0.118992
instances/N-stabu3_150;1;2;0;3514232;4464563;0.368327
instances/N-stabu3_150;1;2;1;3514232;4451063;0.132784
instances/N-stabu3_250;0;0;0;7414477;7552108;0.010706
instances/N-stabu3_250;0;0;1;7414477;7592894;0.018009
instances/N-stabu3_250;0;1;0;7414477;11567513;10.390550
instances/N-stabu3_250;0;1;1;7414477;11549906;1.455448
instances/N-stabu3_250;0;2;0;7414477;11751489;8.477667
instances/N-stabu3_250;0;2;1;7414477;11614266;1.454554
instances/N-stabu3_250;1;0;0;9542640;9648115;0.004530
instances/N-stabu3_250;1;0;1;9542640;9651640;0.008853
instances/N-stabu3_250;1;1;0;9542640;11568413;7.560162
instances/N-stabu3_250;1;1;1;9542640;11578820;1.408597
instances/N-stabu3_250;1;2;0;9542640;11722012;5.958474
instances/N-stabu3_250;1;2;1;9542640;11658543;1.564396
instances/N-t59b11xx_150;0;0;0;2163830;2190795;0.001488
instances/N-t59b11xx_150;0;0;1;2163830;2197385;0.003785
instances/N-t59b11xx_150;0;1;0;2163830;3173245;0.440968
instances/N-t59b11xx_150;0;1;1;2163830;3127495;0.094356
instances/N-t59b11xx_150;0;2;0;2163830;3187265;0.445342
instances/N-t59b11xx_150;0;2;1;2163830;3173655;0.134447
instances/N-t59b11xx_150;1;0;0;2486900;2498845;0.000706
instances/N-t59b11xx_150;1;0;1;2486900;2498855;0.000952
instances/N-t59b11xx_150;1;1;0;2486900;3140340;0.373377
instances/N-t59b11xx_150;1;1;1;2486900;3125225;0.084924
instances/N-t59b11xx_150;1;2;0;2486900;3183295;0.279918
instances/N-t59b11xx_150;1;2;1;2486900;3158810;0.108451
instances/N-t59b11xx_250;0;0;0;5538695;5591620;0.007860
instances/N-t59b11xx_250;0;0;1;5538695;5591855;0.004442
instances/N-t59b11xx_250;0;1;0;5538695;8156485;5.523433
instances/N-t59b11xx_250;0;1;1;5538695;8109395;1.344516
instances/N-t59b11xx_250;0;2;0;5538695;8225225;6.096485
instances/N-t59b11xx_250;0;2;1;5538695;8146530;1.483880
instances/N-t59b11xx_250;1;0;0;6663610;6726750;0.002922
instances/N-t59b11xx_250;1;0;1;6663610;6729065;0.005707
instances/N-t59b11xx_250;1;1;0;6663610;8186500;5.735210
instances/N-t59b11xx_250;1;1;1;6663610;8166595;1.080377
instances/N-t59b11xx_250;1;2;0;6663610;8313235;4.857980
instances/N-t59b11xx_250;1;2;1;6663610;8210795;1.172289
instances/N-t59d11xx_150;0;0;0;922437;944878;0.002903
instances/N-t59d11xx_150;0;0;1;922437;945637;0.004117
instances/N-t59d11xx_150;0;1;0;922437;1420614;0.470643
instances/N-t59d11xx_150;0;1;1;922437;1408677;0.106949
instances/N-t59d11xx_150;0;2;0;922437;1433021;0.483354
instances/N-t59d11xx_150;0;2;1;922437;1434708;0.140125
instances/N-t59d11xx_150;1;0;0;1126125;1154707;0.000891
instances/N-t59d11xx_150;1;0;1;1126125;1155081;0.001689
instances/N-t59d11xx_150;1;1;0;1126125;1428743;0.452273
instances/N-t59d11xx_150;1;1;1;1126125;1408438;0.092373
instances/N-t59d11xx_150;1;2;0;1126125;1442718;0.381871
instances/N-t59d11xx_150;1;2;1;1126125;1429216;0.111403
instances/N-t59d11xx_250;0;0;0;2652675;2676664;0.002904
instances/N-t59d11xx_250;0;0;1;2652675;2685286;0.006376
instances/N-t59d11xx_250;0;1;0;2652675;3749417;6.550919
instances/N-t59d11xx_250;0;1;1;2652675;3714911;1.180925
instances/N-t59d11xx_250;0;2;0;2652675;3774817;6.590046
instances/N-t59d11xx_250;0;2;1;2652675;3782677;1.417445
instances/N-t59d11xx_250;1;0;0;3111451;3142499;0.004250
instances/N-t59d11xx_250;1;0;1;3111451;3149087;0.007838
instances/N-t59d11xx_250;1;1;0;3111451;3745549;5.417238
instances/N-t59d11xx_250;1;1;1;3111451;3736092;1.065947
instances/N-t59d11xx_250;1;2;0;3111451;3783330;5.339509
instances/N-t59d11xx_250;1;2;1;3111451;3764551;1.415645
instances/N-t59f11xx_150;0;0;0;997757;1017299;0.000629
instances/N-t59f11xx_150;0;0;1;997757;1020804;0.001542
instances/N-t59f11xx_150;0;1;0;997757;1489560;0.426712
instances/N-t59f11xx_150;0;1;1;997757;1490221;0.096114
instances/N-t59f11xx_150;0;2;0;997757;1514993;0.446042
instances/N-t59f11xx_150;0;2;1;997757;1518942;0.144142
instances/N-t59f11xx_150;1;0;0;1189574;1217843;0.000812
instances/N-t59f11xx_150;1;0;1;1189574;1217509;0.001642
instances/N-t59f11xx_150;1;1;0;1189574;1501498;0.335719
instances/N-t59f11xx_150;1;1;1;1189574;1484951;0.093687
instances/N-t59f11xx_150;1;2;0;1189574;1524067;0.286927
instances/N-t59f11xx_150;1;2;1;1189574;1512074;0.109643
instances/N-t59f11xx_250;0;0;0;2780731;2807380;0.003904
instances/N-t59f11xx_250;0;0;1;2780731;2812452;0.008332
instances/N-t59f11xx_250;0;1;0;2780731;3867492;6.598304
instances/N-t59f11xx_250;0;1;1;2780731;3858154;1.206332
instances/N-t59f11xx_250;0;2;0;2780731;3926619;6.016788
instances/N-t59f11xx_250;0;2;1;2780731;3886358;1.287957
instances/N-t59f11xx_250;1;0;0;3173542;3207786;0.003224
instances/N-t59f11xx_250;1;0;1;3173542;3212155;0.006291
instances/N-t59f11xx_250;1;1;0;3173542;3869339;5.198088
instances/N-t59f11xx_250;1;1;1;3173542;3832493;0.976076
instances/N-t59f11xx_250;1;2;0;3173542;3924788;3.897777
instances/N-t59f11xx_250;1;2;1;3173542;3901849;1.237946
instances/N-t59n11xx_150;0;0;0;198236;201789;0.000742
instances/N-t59n11xx_150;0;0;1;198236;202344;0.001572
instances/N-t59n11xx_150;0;1;0;198236;309357;0.606787
instances/N-t59n11xx_150;0;1;1;198236;309362;0.127480
instances/N-t59n11xx_150;0;2;0;198236;311760;0.421327
instances/N-t59n11xx_150;0;2;1;198236;315761;0.145263
instances/N-t59n11xx_150;1;0;0;244784;246639;0.000708
instances/N-t59n11xx_150;1;0;1;244784;247287;0.001355
instances/N-t59n11xx_150;1;1;0;244784;311212;0.404443
instances/N-t59n11xx_150;1;1;1;244784;307258;0.086351
instances/N-t59n11xx_150;1;2;0;244784;313722;0.328680
instances/N-t59n11xx_150;1;2;1;244784;311181;0.117715
instances/N-t59n11xx_250;0;0;0;547602;551214;0.003260
instances/N-t59n11xx_250;0;0;1;547602;551318;0.006669
instances/N-t59n11xx_250;0;1;0;547602;804222;7.695690
instances/N-t59n11xx_250;0;1;1;547602;790131;1.152637
instances/N-t59n11xx_250;0;2;0;547602;807724;5.514639
instances/N-t59n11xx_250;0;2;1;547602;803197;1.376010
instances/N-t59n11xx_250;1;0;0;648579;656801;0.003687
instances/N-t59n11xx_250;1;0;1;648579;657520;0.006682
instances/N-t59n11xx_250;1;1;0;648579;805333;6.223039
instances/N-t59n11xx_250;1;1;1;648579;799607;1.314076
instances/N-t59n11xx_250;1;2;0;648579;810181;4.800739
instances/N-t59n11xx_250;1;2;1;648579;803908;1.368611
instances/N-t65b11xx_150;0;0;0;4267183;4321260;0.001251
instances/N-t65b11xx_150;0;0;1;4267183;4336920;0.002041
instances/N-t65b11xx_150;0;1;0;4267183;6288862;0.649178
instances/N-t65b11xx_150;0;1;1;4267183;6155506;0.118049
instances/N-t65b11xx_150;0;2;0;4267183;6357867;0.626527
instances/N-t65b11xx_150;0;2;1;4267183;6298106;0.138620
instances/N-t65b11xx_150;1;0;0;5202210;5254403;0.001067
instances/N-t65b11xx_150;1;0;1;5202210;5287386;0.001897
instances/N-t65b11xx_150;1;1;0;5202210;6305507;0.498262
instances/N-t65b11xx_150;1;1;1;5202210;6273505;0.103239
instances/N-t65b11xx_150;1;2;0;5202210;6362727;0.351772
instances/N-t65b11xx_150;1;2;1;5202210;6338019;0.112828
instances/N-t65b11xx_250;0;0;0;10843802;10983195;0.003796
instances/N-t65b11xx_250;0;0;1;10843802;11094873;0.008435
instances/N-t65b11xx_250;0;1;0;10843802;16760124;8.891197
instances/N-t65b11xx_250;0;1;1;10843802;16567664;1.289476
instances/N-t65b11xx_250;0;2;0;10843802;16780305;8.238607
instances/N-t65b11xx_250;0;2;1;10843802;16880766;1.428663
instances/N-t65b11xx_250;1;0;0;14087620;14239092;0.004876
instances/N-t65b11xx_250;1;0;1;14087620;14279798;0.008491
instances/N-t65b11xx_250;1;1;0;14087620;16764514;6.284062
instances/N-t65b11xx_250;1;1;1;14087620;16645016;1.085523
instances/N-t65b11xx_250;1;2;0;14087620;16973204;5.636783
instances/N-t65b11xx_250;1;2;1;14087620;16879067;1.260229
instances/N-t65d11xx_150;0;0;0;2341697;2385962;0.001233
instances/N-t65d11xx_150;0;0;1;2341697;2398550;0.002197
instances/N-t65d11xx_150;0;1;0;2341697;3451744;0.550419
instances/N-t65d11xx_150;0;1;1;2341697;3436373;0.125472
instances/N-t65d11xx_150;0;2;0;2341697;3511088;0.568575
instances/N-t65d11xx_150;0;2;1;2341697;3449880;0.144563
instances/N-t65d11xx_150;1;0;0;2818960;2867384;0.001180
instances/N-t65d11xx_150;1;0;1;2818960;2883972;0.001982
instances/N-t65d11xx_150;1;1;0;2818960;3454437;0.370917
instances/N-t65d11xx_150;1;1;1;2818960;3458811;0.116648
instances/N-t65d11xx_150;1;2;0;2818960;3497078;0.404429
instances/N-t65d11xx_150;1;2;1;2818960;3471278;0.127321
instances/N-t65d11xx_250;0;0;0;6215867;6291686;0.004226
instances/N-t65d11xx_250;0;0;1;6215867;6318920;0.008291
instances/N-t65d11xx_250;0;1;0;6215867;9075505;7.821111
instances/N-t65d11xx_250;0;1;1;6215867;8968092;1.298261
instances/N-t65d11xx_250;0;2;0;6215867;9087435;8.007822
instances/N-t65d11xx_250;0;2;1;6215867;9105394;1.690007
instances/N-t65d11xx_250;1;0;0;7633275;7721209;0.006383
instances/N-t65d11xx_250;1;0;1;7633275;7737260;0.010672
instances/N-t65d11xx_250;1;1;0;7633275;9105548;6.517133
instances/N-t65d11xx_250;1;1;1;7633275;9062434;1.199045
instances/N-t65d11xx_250;1;2;0;7633275;9173602;5.259096
instances/N-t65d11xx_250;1;2;1;7633275;9130584;1.171364
instances/N-t65f11xx_150;0;0;0;2087719;2143139;0.000969
instances/N-t65f11xx_150;0;0;1;2087719;2144084;0.001879
instances/N-t65f11xx_150;0;1;0;2087719;3060658;0.558327
instances/N-t65f11xx_150;0;1;1;2087719;3053624;0.103047
instances/N-t65f11xx_150;0;2;0;2087719;3077304;0.589624
instances/N-t65f11xx_150;0;2;1;2087719;3094701;0.127538
instances/N-t65f11xx_150;1;0;0;2449999;2502311;0.001327
instances/N-t65f11xx_150;1;0;1;2449999;2501003;0.002837
instances/N-t65f11xx_150;1;1;0;2449999;3047113;0.360197
instances/N-t65f11xx_150;1;1;1;2449999;3031145;0.117849
instances/N-t65f11xx_150;1;2;0;2449999;3091703;0.321551
instances/N-t65f11xx_150;1;2;1;2449999;3077625;0.123401
instances/N-t65f11xx_250;0;0;0;5681196;5792510;0.006525
instances/N-t65f11xx_250;0;0;1;5681196;5797863;0.012563
instances/N-t65f11xx_250;0;1;0;5681196;8149745;8.521978
instances/N-t65f11xx_250;0;1;1;5681196;8104673;1.401158
instances/N-t65f11xx_250;0;2;0;5681196;8253745;8.021312
instances/N-t65f11xx_250;0;2;1;5681196;8196647;1.449620
instances/N-t65f11xx_250;1;0;0;6689894;6773242;0.004283
instances/N-t65f11xx_250;1;0;1;6689894;6780296;0.007631
instances/N-t65f11xx_250;1;1;0;6689894;8200929;6.980390
instances/N-t65f11xx_250;1;1;1;6689894;8169807;1.286161
instances/N-t65f11xx_250;1;2;0;6689894;8296142;5.244676
instances/N-t65f11xx_250;1;2;1;6689894;8272329;1.509650
instances/N-t65l11xx_150;0;0;0;126746;128191;0.000596
instances/N-t65l11xx_150;0;0;1;126746;128369;0.000576
instances/N-t65l11xx_150;0;1;0;126746;250051;0.467938
instances/N-t65l11xx_150;0;1;1;126746;247080;0.100808
instances/N-t65l11xx_150;0;2;0;126746;248920;0.323044
instances/N-t65l11xx_150;0;2;1;126746;249865;0.132540
instances/N-t65l11xx_150;1;0;0;210520;211698;0.000292
instances/N-t65l11xx_150;1;0;1;210520;211714;0.000592
instances/N-t65l11xx_150;1;1;0;210520;247560;0.275302
instances/N-t65l11xx_150;1;1;1;210520;248236;0.093911
instances/N-t65l11xx_150;1;2;0;210520;251227;0.209714
instances/N-t65l11xx_150;1;2;1;210520;251291;0.122835
instances/N-t65l11xx_250;0;0;0;393621;395635;0.001208
instances/N-t65l11xx_250;0;0;1;393621;396207;0.002355
instances/N-t65l11xx_250;0;1;0;393621;652205;7.422549
instances/N-t65l11xx_250;0;1;1;393621;642843;1.260326
instances/N-t65l11xx_250;0;2;0;393621;653157;5.109339
instances/N-t65l11xx_250;0;2;1;393621;651004;1.575256
instances/N-t65l11xx_250;1;0;0;538525;541288;0.001568
instances/N-t65l11xx_250;1;0;1;538525;541403;0.002675
instances/N-t65l11xx_250;1;1;0;538525;650868;5.331304
instances/N-t65l11xx_250;1;1;1;538525;645983;1.027003
instances/N-t65l11xx_250;1;2;0;538525;656538;2.985238
instances/N-t65l11xx_250;1;2;1;538525;653479;1.426481
instances/N-t65n11xx_150;0;0;0;337540;342935;0.000981
instances/N-t65n11xx_150;0;0;1;337540;346166;0.001943
instances/N-t65n11xx_150;0;1;0;337540;535610;0.627942
instances/N-t65n11xx_150;0;1;1;337540;531415;0.096289
instances/N-t65n11xx_150;0;2;0;337540;540462;0.602840
instances/N-t65n11xx_150;0;2;1;337540;539303;0.152738
instances/N-t65n11xx_150;1;0;0;411247;422760;0.000876
instances/N-t65n11xx_150;1;0;1;411247;423214;0.001692
instances/N-t65n11xx_150;1;1;0;411247;538581;0.468033
instances/N-t65n11xx_150;1;1;1;411247;531386;0.104988
instances/N-t65n11xx_150;1;2;0;411247;537578;0.349901
instances/N-t65n11xx_150;1;2;1;411247;540600;0.125893
instances/N-t65n11xx_250;0;0;0;940163;952838;0.006002
instances/N-t65n11xx_250;0;0;1;940163;955134;0.007354
instances/N-t65n11xx_250;0;1;0;940163;1390315;8.334127
instances/N-t65n11xx_250;0;1;1;940163;1373112;1.430469
instances/N-t65n11xx_250;0;2;0;940163;1395804;7.517758
instances/N-t65n11xx_250;0;2;1;940163;1388620;1.413102
instances/N-t65n11xx_250;1;0;0;1135997;1148567;0.004168
instances/N-t65n11xx_250;1;0;1;1135997;1152197;0.007705
instances/N-t65n11xx_250;1;1;0;1135997;1385769;6.866324
instances/N-t65n11xx_250;1;1;1;1135997;1384355;1.150001
instances/N-t65n11xx_250;1;2;0;1135997;1406260;4.672542
instances/N-t65n11xx_250;1;2;1;1135997;1397202;1.295137
instances/N-t69r11xx_150;0;0;0;7495615;7600701;0.000941
instances/N-t69r11xx_150;0;0;1;7495615;7609678;0.001791
instances/N-t69r11xx_150;0;1;0;7495615;11426358;0.531090
instances/N-t69r11xx_150;0;1;1;7495615;11418554;0.116594
instances/N-t69r11xx_150;0;2;0;7495615;11590407;0.464044
instances/N-t69r11xx_150;0;2;1;7495615;11597668;0.129329
instances/N-t69r11xx_150;1;0;0;8631096;8705102;0.000842
instances/N-t69r11xx_150;1;0;1;8631096;8801273;0.001605
instances/N-t69r11xx_150;1;1;0;8631096;11431943;0.514568
instances/N-t69r11xx_150;1;1;1;8631096;11345563;0.101533
instances/N-t69r11xx_150;1;2;0;8631096;11583292;0.378361
instances/N-t69r11xx_150;1;2;1;8631096;11531028;0.139778
instances/N-t69r11xx_250;0;0;0;20840490;21060290;0.004075
instances/N-t69r11xx_250;0;0;1;20840490;21165097;0.007621
instances/N-t69r11xx_250;0;1;0;20840490;30982032;9.685387
instances/N-t69r11xx_250;0;1;1;20840490;30474224;1.341169
instances/N-t69r11xx_250;0;2;0;20840490;31210160;7.732832
instances/N-t69r11xx_250;0;2;1;20840490;30985808;1.500259
instances/N-t69r11xx_250;1;0;0;24501428;25124397;0.004542
instances/N-t69r11xx_250;1;0;1;24501428;25124959;0.008515
instances/N-t69r11xx_250;1;1;0;24501428;31014746;6.980056
instances/N-t69r11xx_250;1;1;1;24501428;30778720;1.371589
instances/N-t69r11xx_250;1;2;0;24501428;31215856;4.746139
instances/N-t69r11xx_250;1;2;1;24501428;31099341;1.382263
instances/N-t70b11xx_150;0;0;0;5983503;6051685;0.001329
instances/N-t70b11xx_150;0;0;1;5983503;6107362;0.001764
instances/N-t70b11xx_150;0;1;0;5983503;9387680;0.478004
instances/N-t70b11xx_150;0;1;1;5983503;9287815;0.100536
instances/N-t70b11xx_150;0;2;0;5983503;9434392;0.510474
instances/N-t70b11xx_150;0;2;1;5983503;9420264;0.138165
instances/N-t70b11xx_150;1;0;0;7599328;7740306;0.001061
instances/N-t70b11xx_150;1;0;1;7599328;7783572;0.002087
instances/N-t70b11xx_150;1;1;0;7599328;9434249;0.518164
instances/N-t70b11xx_150;1;1;1;7599328;9326461;0.102214
instances/N-t70b11xx_150;1;2;0;7599328;9472762;0.357552
instances/N-t70b11xx_150;1;2;1;7599328;9517208;0.146930
instances/N-t70b11xx_250;0;0;0;16651012;16816083;0.004568
instances/N-t70b11xx_250;0;0;1;16651012;16847159;0.009137
instances/N-t70b11xx_250;0;1;0;16651012;24607212;7.851349
instances/N-t70b11xx_250;0;1;1;16651012;24549727;1.463431
instances/N-t70b11xx_250;0;2;0;16651012;25041550;8.145209
instances/N-t70b11xx_250;0;2;1;16651012;24902582;1.556909
instances/N-t70b11xx_250;1;0;0;20669963;20803133;0.004134
instances/N-t70b11xx_250;1;0;1;20669963;20854443;0.008204
instances/N-t70b11xx_250;1;1;0;20669963;24752531;7.048061
instances/N-t70b11xx_250;1;1;1;20669963;24548796;1.175491
instances/N-t70b11xx_250;1;2;0;20669963;24906811;5.466203
instances/N-t70b11xx_250;1;2;1;20669963;24882711;3.074608
instances/N-t70d11xn_150;0;0;0;3504722;3608392;0.004860
instances/N-t70d11xn_150;0;0;1;3504722;3608272;0.006304
instances/N-t70d11xn_150;0;1;0;3504722;5632012;0.641815
instances/N-t70d11xn_150;0;1;1;3504722;5581792;0.128361
instances/N-t70d11xn_150;0;2;0;3504722;5738585;0.761849
instances/N-t70d11xn_150;0;2;1;3504722;5651154;0.205951
instances/N-t70d11xn_150;1;0;0;4588632;4690076;0.001526
instances/N-t70d11xn_150;1;0;1;4588632;4690239;0.002863
instances/N-t70d11xn_150;1;1;0;4588632;5661344;0.579826
instances/N-t70d11xn_150;1;1;1;4588632;5635114;0.113851
instances/N-t70d11xn_150;1;2;0;4588632;5715895;0.422616
instances/N-t70d11xn_150;1;2;1;4588632;5706030;0.118075
instances/N-t70d11xn_250;0;0;0;10495633;10647818;0.007380
instances/N-t70d11xn_250;0;0;1;10495633;10690780;0.013560
instances/N-t70d11xn_250;0;1;0;10495633;14702964;10.149580
instances/N-t70d11xn_250;0;1;1;10495633;14630692;1.677033
instances/N-t70d11xn_250;0;2;0;10495633;14899122;8.889584
instances/N-t70d11xn_250;0;2;1;10495633;14903631;1.708386
instances/N-t70d11xn_250;1;0;0;12367626;12508169;0.006034
instances/N-t70d11xn_250;1;0;1;12367626;12527855;0.010088
instances/N-t70d11xn_250;1;1;0;12367626;14896906;8.799081
instances/N-t70d11xn_250;1;1;1;12367626;14797694;1.310853
instances/N-t70d11xn_250;1;2;0;12367626;14997868;6.181556
instances/N-t70d11xn_250;1;2;1;12367626;14880352;1.384312
instances/N-t70d11xx_150;0;0;0;4030346;4283429;0.001328
instances/N-t70d11xx_150;0;0;1;4030346;4258714;0.002852
instances/N-t70d11xx_150;0;1;0;4030346;5968613;0.602894
instances/N-t70d11xx_150;0;1;1;4030346;5913842;0.124347
instances/N-t70d11xx_150;0;2;0;4030346;6029183;0.702697
instances/N-t70d11xx_150;0;2;1;4030346;6019988;0.143735
instances/N-t70d11xx_150;1;0;0;4884984;4961688;0.001130
instances/N-t70d11xx_150;1;0;1;4884984;4982673;0.002029
instances/N-t70d11xx_150;1;1;0;4884984;6024213;0.548740
instances/N-t70d11xx_150;1;1;1;4884984;5993407;0.112613
instances/N-t70d11xx_150;1;2;0;4884984;6073983;0.441678
instances/N-t70d11xx_150;1;2;1;4884984;6062351;0.111802
instances/N-t70d11xx_250;0;0;0;10926036;11072864;0.019363
instances/N-t70d11xx_250;0;0;1;10926036;11066730;0.019551
instances/N-t70d11xx_250;0;1;0;10926036;15546031;9.871131
instances/N-t70d11xx_250;0;1;1;10926036;15410487;1.688395
instances/N-t70d11xx_250;0;2;0;10926036;15716652;8.925807
instances/N-t70d11xx_250;0;2;1;10926036;15576665;1.438911
instances/N-t70d11xx_250;1;0;0;12830177;13036214;0.006441
instances/N-t70d11xx_250;1;0;1;12830177;13124277;0.014276
instances/N-t70d11xx_250;1;1;0;12830177;15647948;8.309679
instances/N-t70d11xx_250;1;1;1;12830177;15590710;1.398987
instances/N-t70d11xx_250;1;2;0;12830177;15795438;5.994842
instances/N-t70d11xx_250;1;2;1;12830177;15668917;1.329592
instances/N-t70f11xx_150;0;0;0;3184806;3241715;0.001149
instances/N-t70f11xx_150;0;0;1;3184806;3248829;0.002378
instances/N-t70f11xx_150;0;1;0;3184806;4944910;0.545030
instances/N-t70f11xx_150;0;1;1;3184806;4932812;0.114958
instances/N-t70f11xx_150;0;2;0;3184806;5037388;0.554759
instances/N-t70f11xx_150;0;2;1;3184806;5053851;0.157596
instances/N-t70f11xx_150;1;0;0;4015831;4103499;0.001111
instances/N-t70f11xx_150;1;0;1;4015831;4116099;0.002475
instances/N-t70f11xx_150;1;1;0;4015831;4976221;0.358121
instances/N-t70f11xx_150;1;1;1;4015831;4923052;0.110209
instances/N-t70f11xx_150;1;2;0;4015831;5055660;0.419141
instances/N-t70f11xx_150;1;2;1;4015831;5022017;0.138009
instances/N-t70f11xx_250;0;0;0;9330640;9423977;0.005565
instances/N-t70f11xx_250;0;0;1;9330640;9434609;0.008691
instances/N-t70f11xx_250;0;1;0;9330640;13162843;7.855392
instances/N-t70f11xx_250;0;1;1;9330640;13023711;1.346464
instances/N-t70f11xx_250;0;2;0;9330640;13302080;8.784510
instances/N-t70f11xx_250;0;2;1;9330640;13235429;1.820695
instances/N-t70f11xx_250;1;0;0;10973001;11069099;0.004931
instances/N-t70f11xx_250;1;0;1;10973001;11073751;0.008955
instances/N-t70f11xx_250;1;1;0;10973001;13257451;6.893594
instances/N-t70f11xx_250;1;1;1;10973001;13127167;1.382157
instances/N-t70f11xx_250;1;2;0;10973001;13331758;5.491834
instances/N-t70f11xx_250;1;2;1;10973001;13292837;1.620589
instances/N-t70l11xx_150;0;0;0;267828;271234;0.000964
instances/N-t70l11xx_150;0;0;1;267828;271234;0.001759
instances/N-t70l11xx_150;0;1;0;267828;422865;0.562067
instances/N-t70l11xx_150;0;1;1;267828;419713;0.097451
instances/N-t70l11xx_150;0;2;0;267828;426305;0.463024
instances/N-t70l11xx_150;0;2;1;267828;424035;0.144278
instances/N-t70l11xx_150;1;0;0;340295;342095;0.000469
instances/N-t70l11xx_150;1;0;1;340295;342178;0.000934
instances/N-t70l11xx_150;1;1;0;340295;424656;0.456681
instances/N-t70l11xx_150;1;1;1;340295;413124;0.104945
instances/N-t70l11xx_150;1;2;0;340295;426992;0.244634
instances/N-t70l11xx_150;1;2;1;340295;422194;0.120363
instances/N-t70l11xx_250;0;0;0;655578;670363;0.002004
instances/N-t70l11xx_250;0;0;1;655578;670421;0.004086
instances/N-t70l11xx_250;0;1;0;655578;1087354;9.286317
instances/N-t70l11xx_250;0;1;1;655578;1074060;1.377493
instances/N-t70l11xx_250;0;2;0;655578;1082827;5.858557
instances/N-t70l11xx_250;0;2;1;655578;1081829;1.654321
instances/N-t70l11xx_250;1;0;0;840197;851353;0.001274
instances/N-t70l11xx_250;1;0;1;840197;849114;0.002468
instances/N-t70l11xx_250;1;1;0;840197;1093221;7.675217
instances/N-t70l11xx_250;1;1;1;840197;1075110;1.175993
instances/N-t70l11xx_250;1;2;0;840197;1090729;4.164453
instances/N-t70l11xx_250;1;2;1;840197;1087143;1.607603
instances/N-t70n11xx_150;0;0;0;585109;593115;0.001497
instances/N-t70n11xx_150;0;0;1;585109;594016;0.002202
instances/N-t70n11xx_150;0;1;0;585109;917529;0.776736
instances/N-t70n11xx_150;0;1;1;585109;910062;0.132866
instances/N-t70n11xx_150;0;2;0;585109;929342;0.808909
instances/N-t70n11xx_150;0;2;1;585109;923600;0.163785
instances/N-t70n11xx_150;1;0;0;708698;725517;0.001168
instances/N-t70n11xx_150;1;0;1;708698;728027;0.002264
instances/N-t70n11xx_150;1;1;0;708698;915937;0.625919
instances/N-t70n11xx_150;1;1;1;708698;915583;0.159247
instances/N-t70n11xx_150;1;2;0;708698;930632;0.789522
instances/N-t70n11xx_150;1;2;1;708698;924367;0.257202
instances/N-t70n11xx_250;0;0;0;1627796;1650484;0.011234
instances/N-t70n11xx_250;0;0;1;1627796;1663338;0.020561
instances/N-t70n11xx_250;0;1;0;1627796;2377866;9.861946
instances/N-t70n11xx_250;0;1;1;1627796;2348357;1.572639
instances/N-t70n11xx_250;0;2;0;1627796;2376681;8.186496
instances/N-t70n11xx_250;0;2;1;1627796;2379500;1.663689
instances/N-t70n11xx_250;1;0;0;1918759;1945487;0.005312
instances/N-t70n11xx_250;1;0;1;1918759;1949923;0.008703
instances/N-t70n11xx_250;1;1;0;1918759;2383419;8.792141
instances/N-t70n11xx_250;1;1;1;1918759;2357276;1.387208
instances/N-t70n11xx_250;1;2;0;1918759;2398738;5.501470
instances/N-t70n11xx_250;1;2;1;1918759;2399920;1.490768
instances/N-t74d11xx_150;0;0;0;6130404;6301767;0.001528
instances/N-t74d11xx_150;0;0;1;6130404;6315715;0.002761
instances/N-t74d11xx_150;0;1;0;6130404;9119373;0.851663
instances/N-t74d11xx_150;0;1;1;6130404;9024253;0.151452
instances/N-t74d11xx_150;0;2;0;6130404;9226556;0.626585
instances/N-t74d11xx_150;0;2;1;6130404;9178343;0.188262
instances/N-t74d11xx_150;1;0;0;7420776;7603242;0.001870
instances/N-t74d11xx_150;1;0;1;7420776;7629564;0.012793
instances/N-t74d11xx_150;1;1;0;7420776;9178002;0.738409
instances/N-t74d11xx_150;1;1;1;7420776;9084725;0.150697
instances/N-t74d11xx_150;1;2;0;7420776;9238085;0.513258
instances/N-t74d11xx_150;1;2;1;7420776;9251069;0.140838
instances/N-t74d11xx_250;0;0;0;16614606;16783671;0.005801
instances/N-t74d11xx_250;0;0;1;16614606;16804434;0.009993
instances/N-t74d11xx_250;0;1;0;16614606;23768286;10.044399
instances/N-t74d11xx_250;0;1;1;16614606;23637725;1.348263
instances/N-t74d11xx_250;0;2;0;16614606;23983218;8.365515
instances/N-t74d11xx_250;0;2;1;16614606;23934297;1.566472
instances/N-t74d11xx_250;1;0;0;19679653;19936101;0.007757
instances/N-t74d11xx_250;1;0;1;19679653;19935829;0.011967
instances/N-t74d11xx_250;1;1;0;19679653;23975310;8.957495
instances/N-t74d11xx_250;1;1;1;19679653;23624705;1.399533
instances/N-t74d11xx_250;1;2;0;19679653;24122676;6.391401
instances/N-t74d11xx_250;1;2;1;19679653;23920467;1.399938
instances/N-t75d11xx_150;0;0;0;5952203;6114949;0.002139
instances/N-t75d11xx_150;0;0;1;5952203;6140219;0.005152
instances/N-t75d11xx_150;0;1;0;5952203;9389095;0.683049
instances/N-t75d11xx_150;0;1;1;5952203;9232902;0.126206
instances/N-t75d11xx_150;0;2;0;5952203;9344694;0.618651
instances/N-t75d11xx_150;0;2;1;5952203;9431092;0.140479
instances/N-t75d11xx_150;1;0;0;7630130;7802009;0.001565
instances/N-t75d11xx_150;1;0;1;7630130;7826752;0.002812
instances/N-t75d11xx_150;1;1;0;7630130;9399777;0.418479
instances/N-t75d11xx_150;1;1;1;7630130;9288455;0.111660
instances/N-t75d11xx_150;1;2;0;7630130;9492753;0.423895
instances/N-t75d11xx_150;1;2;1;7630130;9426941;0.124397
instances/N-t75d11xx_250;0;0;0;17415216;17653655;0.010887
instances/N-t75d11xx_250;0;0;1;17415216;17673167;0.013514
instances/N-t75d11xx_250;0;1;0;17415216;24450066;10.325464
instances/N-t75d11xx_250;0;1;1;17415216;24259091;1.409170
instances/N-t75d11xx_250;0;2;0;17415216;24512916;8.183787
instances/N-t75d11xx_250;0;2;1;17415216;24461041;1.667070
instances/N-t75d11xx_250;1;0;0;20196806;20409792;0.005414
instances/N-t75d11xx_250;1;0;1;20196806;20421476;0.010554
instances/N-t75d11xx_250;1;1;0;20196806;24436555;8.459850
instances/N-t75d11xx_250;1;1;1;20196806;24356638;1.784976
instances/N-t75d11xx_250;1;2;0;20196806;24713073;6.749120
instances/N-t75d11xx_250;1;2;1;20196806;24649145;1.456328
instances/N-t75e11xx_150;0;0;0;26129135;26841183;0.001198
instances/N-t75e11xx_150;0;0;1;26129135;26969136;0.002356
instances/N-t75e11xx_150;0;1;0;26129135;40263882;0.765096
instances/N-t75e11xx_150;0;1;1;26129135;40126202;0.139554
instances/N-t75e11xx_150;0;2;0;26129135;40527132;0.647192
instances/N-t75e11xx_150;0;2;1;26129135;40530365;0.134800
instances/N-t75e11xx_150;1;0;0;32207248;32791478;0.001373
instances/N-t75e11xx_150;1;0;1;32207248;32901531;0.002489
instances/N-t75e11xx_150;1;1;0;32207248;40372536;0.578762
instances/N-t75e11xx_150;1;1;1;32207248;40331157;0.119029
instances/N-t75e11xx_150;1;2;0;32207248;40889521;0.478395
instances/N-t75e11xx_150;1;2;1;32207248;40776549;0.115975
instances/N-t75e11xx_250;0;0;0;72989516;73890813;0.003836
instances/N-t75e11xx_250;0;0;1;72989516;74221068;0.009042
instances/N-t75e11xx_250;0;1;0;72989516;103832819;10.881527
instances/N-t75e11xx_250;0;1;1;72989516;102647081;1.281214
instances/N-t75e11xx_250;0;2;0;72989516;103898406;9.918259
instances/N-t75e11xx_250;0;2;1;72989516;103649949;1.562412
instances/N-t75e11xx_250;1;0;0;83844860;84851553;0.005295
instances/N-t75e11xx_250;1;0;1;83844860;85247930;0.009161
instances/N-t75e11xx_250;1;1;0;83844860;103915557;9.560875
instances/N-t75e11xx_250;1;1;1;83844860;102968979;1.443148
instances/N-t75e11xx_250;1;2;0;83844860;105057319;6.517389
instances/N-t75e11xx_250;1;2;1;83844860;104372539;1.560893
instances/N-t75k11xx_150;0;0;0;979496;995065;0.001131
instances/N-t75k11xx_150;0;0;1;979496;1004913;0.002371
instances/N-t75k11xx_150;0;1;0;979496;1500214;0.635394
instances/N-t75k11xx_150;0;1;1;979496;1483168;0.108720
instances/N-t75k11xx_150;0;2;0;979496;1513972;0.572701
instances/N-t75k11xx_150;0;2;1;979496;1505459;0.133541
instances/N-t75k11xx_150;1;0;0;1179477;1219740;0.001330
instances/N-t75k11xx_150;1;0;1;1179477;1218432;0.002225
instances/N-t75k11xx_150;1;1;0;1179477;1503442;0.451331
instances/N-t75k11xx_150;1;1;1;1179477;1497313;0.116778
instances/N-t75k11xx_150;1;2;0;1179477;1519375;0.402140
instances/N-t75k11xx_150;1;2;1;1179477;1527183;0.135362
instances/N-t75k11xx_250;0;0;0;2802142;2828312;0.007393
instances/N-t75k11xx_250;0;0;1;2802142;2834368;0.022054
instances/N-t75k11xx_250;0;1;0;2802142;3975634;9.056201
instances/N-t75k11xx_250;0;1;1;2802142;3925608;1.579131
instances/N-t75k11xx_250;0;2;0;2802142;3999380;8.121822
instances/N-t75k11xx_250;0;2;1;2802142;3981840;1.659895
instances/N-t75k11xx_250;1;0;0;3285695;3319570;0.004080
instances/N-t75k11xx_250;1;0;1;3285695;3319229;0.007306
instances/N-t75k11xx_250;1;1;0;3285695;3977809;7.200375
instances/N-t75k11xx_250;1;1;1;3285695;3966756;1.371050
instances/N-t75k11xx_250;1;2;0;3285695;4013875;6.374142
instances/N-t75k11xx_250;1;2;1;3285695;4004060;1.416081
instances/N-t75n11xx_150;0;0;0;1058516;1081423;0.000900
instances/N-t75n11xx_150;0;0;1;1058516;1081998;0.001710
instances/N-t75n11xx_150;0;1;0;1058516;1682018;0.596732
instances/N-t75n11xx_150;0;1;1;1058516;1663955;0.123955
instances/N-t75n11xx_150;0;2;0;1058516;1712107;0.678244
instances/N-t75n11xx_150;0;2;1;1058516;1703052;0.136747
instances/N-t75n11xx_150;1;0;0;1315463;1330648;0.001086
instances/N-t75n11xx_150;1;0;1;1315463;1333595;0.001874
instances/N-t75n11xx_150;1;1;0;1315463;1697353;0.549714
instances/N-t75n11xx_150;1;1;1;1315463;1676127;0.103620
instances/N-t75n11xx_150;1;2;0;1315463;1703564;0.442996
instances/N-t75n11xx_150;1;2;1;1315463;1713929;0.147078
instances/N-t75n11xx_250;0;0;0;2920331;2977188;0.004956
instances/N-t75n11xx_250;0;0;1;2920331;2980519;0.008222
instances/N-t75n11xx_250;0;1;0;2920331;4394870;8.652518
instances/N-t75n11xx_250;0;1;1;2920331;4378591;1.327214
instances/N-t75n11xx_250;0;2;0;2920331;4424908;7.259492
instances/N-t75n11xx_250;0;2;1;2920331;4413313;1.714706
instances/N-t75n11xx_250;1;0;0;3593475;3622296;0.004978
instances/N-t75n11xx_250;1;0;1;3593475;3621703;0.008523
instances/N-t75n11xx_250;1;1;0;3593475;4401055;8.161464
instances/N-t75n11xx_250;1;1;1;3593475;4410736;1.391051
instances/N-t75n11xx_250;1;2;0;3593475;4456655;6.057613
instances/N-t75n11xx_250;1;2;1;3593475;4428499;1.539575
instances/N-tiw56n54_150;0;0;0;564662;575639;0.001388
instances/N-tiw56n54_150;0;0;1;564662;575431;0.002217
instances/N-tiw56n54_150;0;1;0;564662;815329;0.614367
instances/N-tiw56n54_150;0;1;1;564662;810031;0.128774
instances/N-tiw56n54_150;0;2;0;564662;825536;0.605011
instances/N-tiw56n54_150;0;2;1;564662;821525;0.171872
instances/N-tiw56n54_150;1;0;0;676518;689977;0.001510
instances/N-tiw56n54_150;1;0;1;676518;690405;0.002564
instances/N-tiw56n54_150;1;1;0;676518;813437;0.439343
instances/N-tiw56n54_150;1;1;1;676518;810340;0.113931
instances/N-tiw56n54_150;1;2;0;676518;826301;0.404527
instances/N-tiw56n54_150;1;2;1;676518;823127;0.145479
instances/N-tiw56n54_250;0;0;0;1430191;1447533;0.007202
instances/N-tiw56n54_250;0;0;1;1430191;1447913;0.013036
instances/N-tiw56n54_250;0;1;0;1430191;2047572;10.487003
instances/N-tiw56n54_250;0;1;1;1430191;2028934;1.630402
instances/N-tiw56n54_250;0;2;0;1430191;2055668;8.768337
instances/N-tiw56n54_250;0;2;1;1430191;2054279;1.778802
instances/N-tiw56n54_250;1;0;0;1709284;1730581;0.007104
instances/N-tiw56n54_250;1;0;1;1709284;1733730;0.012076
instances/N-tiw56n54_250;1;1;0;1709284;2049747;7.281816
instances/N-tiw56n54_250;1;1;1;1709284;2028520;1.152479
instances/N-tiw56n54_250;1;2;0;1709284;2066572;6.398196
instances/N-tiw56n54_250;1;2;1;1709284;2058611;1.452895
instances/N-tiw56n58_150;0;0;0;696597;713317;0.002377
instances/N-tiw56n58_150;0;0;1;696597;713691;0.005744
instances/N-tiw56n58_150;0;1;0;696597;1107920;0.457015
instances/N-tiw56n58_150;0;1;1;696597;1105327;0.118596
instances/N-tiw56n58_150;0;2;0;696597;1133421;0.582798
instances/N-tiw56n58_150;0;2;1;696597;1138679;0.161640
instances/N-tiw56n58_150;1;0;0;915336;935507;0.001370
instances/N-tiw56n58_150;1;0;1;915336;931084;0.002809
instances/N-tiw56n58_150;1;1;0;915336;1123474;0.496792
instances/N-tiw56n58_150;1;1;1;915336;1109437;0.112998
instances/N-tiw56n58_150;1;2;0;915336;1138699;0.399950
instances/N-tiw56n58_150;1;2;1;915336;1130502;0.128219
instances/N-tiw56n58_250;0;0;0;1985739;1999304;0.008496
instances/N-tiw56n58_250;0;0;1;1985739;2003441;0.008039
instances/N-tiw56n58_250;0;1;0;1985739;2844339;9.574697
instances/N-tiw56n58_250;0;1;1;1985739;2788200;1.191218
instances/N-tiw56n58_250;0;2;0;1985739;2835630;8.320446
instances/N-tiw56n58_250;0;2;1;1985739;2832070;1.587953
instances/N-tiw56n58_250;1;0;0;2378299;2397435;0.006160
instances/N-tiw56n58_250;1;0;1;2378299;2399753;0.010449
instances/N-tiw56n58_250;1;1;0;2378299;2844580;7.881088
instances/N-tiw56n58_250;1;1;1;2378299;2801511;1.246693
instances/N-tiw56n58_250;1;2;0;2378299;2867384;6.924256
instances/N-tiw56n58_250;1;2;1;2378299;2859624;1.578205
instances/N-tiw56n62_150;0;0;0;1025373;1057721;0.001598
instances/N-tiw56n62_150;0;0;1;1025373;1052978;0.002347
instances/N-tiw56n62_150;0;1;0;1025373;1582163;0.774300
instances/N-tiw56n62_150;0;1;1;1025373;1571950;0.139928
instances/N-tiw56n62_150;0;2;0;1025373;1589455;0.712838
instances/N-tiw56n62_150;0;2;1;1025373;1589283;0.153068
instances/N-tiw56n62_150;1;0;0;1285241;1327158;0.001591
instances/N-tiw56n62_150;1;0;1;1285241;1311831;0.002455
instances/N-tiw56n62_150;1;1;0;1285241;1587396;0.500300
instances/N-tiw56n62_150;1;1;1;1285241;1569277;0.136605
instances/N-tiw56n62_150;1;2;0;1285241;1592357;0.396645
instances/N-tiw56n62_150;1;2;1;1285241;1579940;0.141793
instances/N-tiw56n62_250;0;0;0;2734066;2782763;0.011041
instances/N-tiw56n62_250;0;0;1;2734066;2791042;0.016174
instances/N-tiw56n62_250;0;1;0;2734066;4042712;8.919865
instances/N-tiw56n62_250;0;1;1;2734066;4004644;1.787829
instances/N-tiw56n62_250;0;2;0;2734066;4072095;9.313359
instances/N-tiw56n62_250;0;2;1;2734066;4059584;1.694867
instances/N-tiw56n62_250;1;0;0;3368115;3411572;0.005476
instances/N-tiw56n62_250;1;0;1;3368115;3411387;0.010260
instances/N-tiw56n62_250;1;1;0;3368115;4026908;6.509808
instances/N-tiw56n62_250;1;1;1;3368115;4020401;1.344849
instances/N-tiw56n62_250;1;2;0;3368115;4088025;5.057487
instances/N-tiw56n62_250;1;2;1;3368115;4055967;1.505225
instances/N-tiw56n66_150;0;0;0;1300085;1325388;0.001195
instances/N-tiw56n66_150;0;0;1;1300085;1340279;0.002230
instances/N-tiw56n66_150;0;1;0;1300085;2029367;0.650007
instances/N-tiw56n66_150;0;1;1;1300085;2030649;0.125276
instances/N-tiw56n66_150;0;2;0;1300085;2062717;0.534272
instances/N-tiw56n66_150;0;2;1;1300085;2058584;0.134877
instances/N-tiw56n66_150;1;0;0;1664444;1700281;0.001546
instances/N-tiw56n66_150;1;0;1;1664444;1698072;0.002820
instances/N-tiw56n66_150;1;1;0;1664444;2049512;0.537910
instances/N-tiw56n66_150;1;1;1;1664444;2031972;0.103965
instances/N-tiw56n66_150;1;2;0;1664444;2082821;0.476053
instances/N-tiw56n66_150;1;2;1;1664444;2059054;0.137829
instances/N-tiw56n66_250;0;0;0;3593403;3659951;0.015074
instances/N-tiw56n66_250;0;0;1;3593403;3678745;0.024975
instances/N-tiw56n66_250;0;1;0;3593403;5213404;9.091335
instances/N-tiw56n66_250;0;1;1;3593403;5192693;1.408400
instances/N-tiw56n66_250;0;2;0;3593403;5283428;8.846812
instances/N-tiw56n66_250;0;2;1;3593403;5248847;1.661528
instances/N-tiw56n66_250;1;0;0;4345014;4400152;0.006343
instances/N-tiw56n66_250;1;0;1;4345014;4401522;0.012064
instances/N-tiw56n66_250;1;1;0;4345014;5234939;7.413036
instances/N-tiw56n66_250;1;1;1;4345014;5192494;1.234233
instances/N-tiw56n66_250;1;2;0;4345014;5287241;6.194131
instances/N-tiw56n66_250;1;2;1;4345014;5273908;1.326872
instances/N-tiw56n67_150;0;0;0;1585413;1597567;0.002611
instances/N-tiw56n67_150;0;0;1;1585413;1604879;0.005818
instances/N-tiw56n67_150;0;1;0;1585413;2311390;0.515580
instances/N-tiw56n67_150;0;1;1;1585413;2288613;0.114860
instances/N-tiw56n67_150;0;2;0;1585413;2330322;0.545281
instances/N-tiw56n67_150;0;2;1;1585413;2322902;0.151313
instances/N-tiw56n67_150;1;0;0;1926677;1953920;0.001486
instances/N-tiw56n67_150;1;0;1;1926677;1957281;0.002399
instances/N-tiw56n67_150;1;1;0;1926677;2317013;0.493666
instances/N-tiw56n67_150;1;1;1;1926677;2287351;0.092329
instances/N-tiw56n67_150;1;2;0;1926677;2339447;0.407961
instances/N-tiw56n67_150;1;2;1;1926677;2324947;0.102042
instances/N-tiw56n67_250;0;0;0;4198914;4243100;0.005494
instances/N-tiw56n67_250;0;0;1;4198914;4242752;0.009845
instances/N-tiw56n67_250;0;1;0;4198914;6158030;11.075452
instances/N-tiw56n67_250;0;1;1;4198914;6130215;1.538370
instances/N-tiw56n67_250;0;2;0;4198914;6215871;8.401812
instances/N-tiw56n67_250;0;2;1;4198914;6131092;1.844850
instances/N-tiw56n67_250;1;0;0;5123029;5255489;0.006134
instances/N-tiw56n67_250;1;0;1;5123029;5218529;0.011485
instances/N-tiw56n67_250;1;1;0;5123029;6182986;7.777543
instances/N-tiw56n67_250;1;1;1;5123029;6145530;1.331823
instances/N-tiw56n67_250;1;2;0;5123029;6245051;6.311985
instances/N-tiw56n67_250;1;2;1;5123029;6209599;1.404979
instances/N-tiw56n72_150;0;0;0;2459782;2511906;0.001278
instances/N-tiw56n72_150;0;0;1;2459782;2503278;0.002240
instances/N-tiw56n72_150;0;1;0;2459782;4016039;0.658214
instances/N-tiw56n72_150;0;1;1;2459782;3982943;0.110379
instances/N-tiw56n72_150;0;2;0;2459782;4023623;0.606408
instances/N-tiw56n72_150;0;2;1;2459782;4057011;0.164895
instances/N-tiw56n72_150;1;0;0;3334262;3392492;0.001285
instances/N-tiw56n72_150;1;0;1;3334262;3400522;0.002221
instances/N-tiw56n72_150;1;1;0;3334262;4024705;0.427542
instances/N-tiw56n72_150;1;1;1;3334262;4001431;0.115529
instances/N-tiw56n72_150;1;2;0;3334262;4052153;0.437203
instances/N-tiw56n72_150;1;2;1;3334262;4051513;0.133604
instances/N-tiw56n72_250;0;0;0;7362933;7458982;0.006988
instances/N-tiw56n72_250;0;0;1;7362933;7461125;0.012222
instances/N-tiw56n72_250;0;1;0;7362933;10899326;9.594754
instances/N-tiw56n72_250;0;1;1;7362933;10805211;1.268963
instances/N-tiw56n72_250;0;2;0;7362933;10936447;7.479378
instances/N-tiw56n72_250;0;2;1;7362933;10883000;1.567002
instances/N-tiw56n72_250;1;0;0;9097895;9210106;0.006588
instances/N-tiw56n72_250;1;0;1;9097895;9241903;0.010881
instances/N-tiw56n72_250;1;1;0;9097895;10895985;7.991315
instances/N-tiw56n72_250;1;1;1;9097895;10824279;1.326819
instances/N-tiw56n72_250;1;2;0;9097895;11029099;6.588128
instances/N-tiw56n72_250;1;2;1;9097895;10953287;1.274563
instances/N-tiw56r54_150;0;0;0;611407;624466;0.003280
instances/N-tiw56r54_150;0;0;1;611407;632879;0.004505
instances/N-tiw56r54_150;0;1;0;611407;930682;0.623854
instances/N-tiw56r54_150;0;1;1;611407;916284;0.109153
instances/N-tiw56r54_150;0;2;0;611407;937027;0.581920
instances/N-tiw56r54_150;0;2;1;611407;938112;0.157505
instances/N-tiw56r54_150;1;0;0;766678;781865;0.001356
instances/N-tiw56r54_150;1;0;1;766678;783267;0.002393
instances/N-tiw56r54_150;1;1;0;766678;937245;0.449532
instances/N-tiw56r54_150;1;1;1;766678;920626;0.092981
instances/N-tiw56r54_150;1;2;0;766678;943836;0.340516
instances/N-tiw56r54_150;1;2;1;766678;939468;0.128887
instances/N-tiw56r54_250;0;0;0;1626648;1645440;0.012218
instances/N-tiw56r54_250;0;0;1;1626648;1646792;0.021325
instances/N-tiw56r54_250;0;1;0;1626648;2327153;8.776606
instances/N-tiw56r54_250;0;1;1;1626648;2305115;1.359893
instances/N-tiw56r54_250;0;2;0;1626648;2331852;8.576415
instances/N-tiw56r54_250;0;2;1;1626648;2348064;1.576163
instances/N-tiw56r54_250;1;0;0;1946448;1959480;0.005572
instances/N-tiw56r54_250;1;0;1;1946448;1961758;0.009351
instances/N-tiw56r54_250;1;1;0;1946448;2329425;7.371016
instances/N-tiw56r54_250;1;1;1;1946448;2311622;1.494906
instances/N-tiw56r54_250;1;2;0;1946448;2359553;6.212421
instances/N-tiw56r54_250;1;2;1;1946448;2340173;1.269309
instances/N-tiw56r58_150;0;0;0;788497;806469;0.001932
instances/N-tiw56r58_150;0;0;1;788497;803090;0.004205
instances/N-tiw56r58_150;0;1;0;788497;1181271;0.638267
instances/N-tiw56r58_150;0;1;1;788497;1171784;0.114418
instances/N-tiw56r58_150;0;2;0;788497;1195992;0.585815
instances/N-tiw56r58_150;0;2;1;788497;1185238;0.131093
instances/N-tiw56r58_150;1;0;0;960133;985771;0.001369
instances/N-tiw56r58_150;1;0;1;960133;986592;0.002544
instances/N-tiw56r58_150;1;1;0;960133;1181469;0.396955
instances/N-tiw56r58_150;1;1;1;960133;1183334;0.126494
instances/N-tiw56r58_150;1;2;0;960133;1201493;0.373638
instances/N-tiw56r58_150;1;2;1;960133;1191627;0.126189
instances/N-tiw56r58_250;0;0;0;2151510;2181605;0.013745
instances/N-tiw56r58_250;0;0;1;2151510;2184686;0.009538
instances/N-tiw56r58_250;0;1;0;2151510;2973581;8.145707
instances/N-tiw56r58_250;0;1;1;2151510;2956496;1.375541
instances/N-tiw56r58_250;0;2;0;2151510;2999686;8.865416
instances/N-tiw56r58_250;0;2;1;2151510;2981062;1.506063
instances/N-tiw56r58_250;1;0;0;2488155;2520548;0.006501
instances/N-tiw56r58_250;1;0;1;2488155;2523784;0.010481
instances/N-tiw56r58_250;1;1;0;2488155;2993539;7.953252
instances/N-tiw56r58_250;1;1;1;2488155;2959355;1.284884
instances/N-tiw56r58_250;1;2;0;2488155;3017370;5.979746
instances/N-tiw56r58_250;1;2;1;2488155;2998482;1.459364
instances/N-tiw56r66_150;0;0;0;1212083;1250215;0.001565
instances/N-tiw56r66_150;0;0;1;1212083;1251464;0.002659
instances/N-tiw56r66_150;0;1;0;1212083;1866879;0.669751
instances/N-tiw56r66_150;0;1;1;1212083;1870800;0.120647
instances/N-tiw56r66_150;0;2;0;1212083;1895325;0.657419
instances/N-tiw56r66_150;0;2;1;1212083;1886229;0.145863
instances/N-tiw56r66_150;1;0;0;1537816;1579394;0.001155
instances/N-tiw56r66_150;1;0;1;1537816;1569420;0.002178
instances/N-tiw56r66_150;1;1;0;1537816;1874622;0.547545
instances/N-tiw56r66_150;1;1;1;1537816;1877090;0.116112
instances/N-tiw56r66_150;1;2;0;1537816;1907203;0.408560
instances/N-tiw56r66_150;1;2;1;1537816;1898264;0.213843
instances/N-tiw56r66_250;0;0;0;3291349;3360563;0.007088
instances/N-tiw56r66_250;0;0;1;3291349;3371919;0.012427
instances/N-tiw56r66_250;0;1;0;3291349;4802217;10.352359
instances/N-tiw56r66_250;0;1;1;3291349;4753431;1.507226
instances/N-tiw56r66_250;0;2;0;3291349;4841250;8.941290
instances/N-tiw56r66_250;0;2;1;3291349;4826698;1.833614
instances/N-tiw56r66_250;1;0;0;4013847;4072140;0.007135
instances/N-tiw56r66_250;1;0;1;4013847;4064525;0.011561
instances/N-tiw56r66_250;1;1;0;4013847;4834991;8.459135
instances/N-tiw56r66_250;1;1;1;4013847;4804410;1.236992
instances/N-tiw56r66_250;1;2;0;4013847;4888163;6.351482
instances/N-tiw56r66_250;1;2;1;4013847;4846751;1.463401
instances/N-tiw56r67_150;0;0;0;1283045;1302211;0.001334
instances/N-tiw56r67_150;0;0;1;1283045;1311015;0.002275
instances/N-tiw56r67_150;0;1;0;1283045;1988965;0.586885
instances/N-tiw56r67_150;0;1;1;1283045;1994607;0.120321
instances/N-tiw56r67_150;0;2;0;1283045;2032630;0.637673
instances/N-tiw56r67_150;0;2;1;1283045;2021961;0.139686
instances/N-tiw56r67_150;1;0;0;1648916;1674750;0.001580
instances/N-tiw56r67_150;1;0;1;1648916;1684659;0.002590
instances/N-tiw56r67_150;1;1;0;1648916;2002768;0.478450
instances/N-tiw56r67_150;1;1;1;1648916;1988378;0.116652
instances/N-tiw56r67_150;1;2;0;1648916;2027314;0.439268
instances/N-tiw56r67_150;1;2;1;1648916;2021555;0.125538
instances/N-tiw56r67_250;0;0;0;3416829;3469771;0.006907
instances/N-tiw56r67_250;0;0;1;3416829;3469693;0.010412
instances/N-tiw56r67_250;0;1;0;3416829;5163072;10.703046
instances/N-tiw56r67_250;0;1;1;3416829;5111533;1.509453
instances/N-tiw56r67_250;0;2;0;3416829;5156405;9.471925
instances/N-tiw56r67_250;0;2;1;3416829;5194255;1.762148
instances/N-tiw56r67_250;1;0;0;4297549;4368999;0.007338
instances/N-tiw56r67_250;1;0;1;4297549;4381982;0.013289
instances/N-tiw56r67_250;1;1;0;4297549;5187339;8.763658
instances/N-tiw56r67_250;1;1;1;4297549;5097003;1.249569
instances/N-tiw56r67_250;1;2;0;4297549;5234424;6.591589
instances/N-tiw56r67_250;1;2;1;4297549;5209951;1.375782
instances/N-tiw56r72_150;0;0;0;1759570;1829418;0.001425
instances/N-tiw56r72_150;0;0;1;1759570;1804294;0.002553
instances/N-tiw56r72_150;0;1;0;1759570;2732312;0.615977
instances/N-tiw56r72_150;0;1;1;1759570;2710114;0.097609
instances/N-tiw56r72_150;0;2;0;1759570;2746807;0.622322
instances/N-tiw56r72_150;0;2;1;1759570;2725285;0.152477
instances/N-tiw56r72_150;1;0;0;2246380;2276459;0.001558
instances/N-tiw56r72_150;1;0;1;2246380;2277972;0.002793
instances/N-tiw56r72_150;1;1;0;2246380;2747338;0.544180
instances/N-tiw56r72_150;1;1;1;2246380;2712003;0.105551
instances/N-tiw56r72_150;1;2;0;2246380;2774504;0.456667
instances/N-tiw56r72_150;1;2;1;2246380;2780323;0.143151
instances/N-tiw56r72_250;0;0;0;5102149;5184394;0.004978
instances/N-tiw56r72_250;0;0;1;5102149;5195365;0.010103
instances/N-tiw56r72_250;0;1;0;5102149;7249588;9.842596
instances/N-tiw56r72_250;0;1;1;5102149;7176154;1.516442
instances/N-tiw56r72_250;0;2;0;5102149;7331613;9.479487
instances/N-tiw56r72_250;0;2;1;5102149;7247989;1.514070
instances/N-tiw56r72_250;1;0;0;5994298;6076969;0.007092
instances/N-tiw56r72_250;1;0;1;5994298;6080704;0.013096
instances/N-tiw56r72_250;1;1;0;5994298;7262914;7.578662
instances/N-tiw56r72_250;1;1;1;5994298;7221018;1.500301
instances/N-tiw56r72_250;1;2;0;5994298;7348531;5.837163
instances/N-tiw56r72_250;1;2;1;5994298;7341536;1.371061
instances/N-be75eec_150;1;3;0;2757802;3453601;0.589845
instances/N-be75eec_150;1;4;0;2757802;3428462;0.359120
instances/N-be75eec_250;1;3;0;7066158;8727289;8.890775
instances/N-be75eec_250;1;4;0;7066158;8711632;5.252156
instances/N-be75np_150;1;3;0;5606444;7007213;0.498238
instances/N-be75np_150;1;4;0;5606444;6978974;0.361006
instances/N-be75np_250;1;3;0;14371573;17522081;8.166451
instances/N-be75np_250;1;4;0;14371573;17560061;6.137889
instances/N-be75oi_150;1;3;0;1885382;2227908;0.564812
instances/N-be75oi_150;1;4;0;1885382;2217289;0.325453
instances/N-be75oi_250;1;3;0;4848677;5820599;9.844296
instances/N-be75oi_250;1;4;0;4848677;5793905;4.345997
instances/N-be75tot_150;1;3;0;9420023;12139395;0.545442
instances/N-be75tot_150;1;4;0;9420023;12058536;0.358869
instances/N-be75tot_250;1;3;0;24954878;30486793;8.360834
instances/N-be75tot_250;1;4;0;24954878;30492412;5.898596
instances/N-stabu1_150;1;3;0;2282133;2839928;0.618843
instances/N-stabu1_150;1;4;0;2282133;2842419;0.409664
instances/N-stabu1_250;1;3;0;6274331;7563986;7.435317
instances/N-stabu1_250;1;4;0;6274331;7627116;5.885177
instances/N-stabu2_150;1;3;0;3383526;4260510;0.609722
instances/N-stabu2_150;1;4;0;3383526;4280380;0.408332
instances/N-stabu2_250;1;3;0;9257449;11298354;8.265662
instances/N-stabu2_250;1;4;0;9257449;11272220;6.222142
instances/N-stabu3_150;1;3;0;3514232;4435386;0.682282
instances/N-stabu3_150;1;4;0;3514232;4468985;0.446541
instances/N-stabu3_250;1;3;0;9542640;11716744;9.346436
instances/N-stabu3_250;1;4;0;9542640;11718977;5.542350
instances/N-t59b11xx_150;1;3;0;2486900;3184355;0.431722
instances/N-t59b11xx_150;1;4;0;2486900;3163230;0.359042
instances/N-t59b11xx_250;1;3;0;6663610;8250745;6.747288
instances/N-t59b11xx_250;1;4;0;6663610;8293765;4.453016
instances/N-t59d11xx_150;1;3;0;1126125;1432701;0.532018
instances/N-t59d11xx_150;1;4;0;1126125;1432005;0.350060
instances/N-t59d11xx_250;1;3;0;3111451;3774804;7.201731
instances/N-t59d11xx_250;1;4;0;3111451;3798767;5.262923
instances/N-t59f11xx_150;1;3;0;1189574;1513483;0.446265
instances/N-t59f11xx_150;1;4;0;1189574;1517837;0.301604
instances/N-t59f11xx_250;1;3;0;3173542;3908173;6.966047
instances/N-t59f11xx_250;1;4;0;3173542;3925675;4.274163
instances/N-t59n11xx_150;1;3;0;244784;311718;0.433477
instances/N-t59n11xx_150;1;4;0;244784;314324;0.316997
instances/N-t59n11xx_250;1;3;0;648579;812103;8.337618
instances/N-t59n11xx_250;1;4;0;648579;806668;4.592906
instances/N-t65b11xx_150;1;3;0;5202210;6356206;0.620294
instances/N-t65b11xx_150;1;4;0;5202210;6340712;0.404642
instances/N-t65b11xx_250;1;3;0;14087620;16892444;8.993146
instances/N-t65b11xx_250;1;4;0;14087620;16988550;6.033385
instances/N-t65d11xx_150;1;3;0;2818960;3482989;0.532827
instances/N-t65d11xx_150;1;4;0;2818960;3493296;0.402266
instances/N-t65d11xx_250;1;3;0;7633275;9169203;9.025867
instances/N-t65d11xx_250;1;4;0;7633275;9179577;5.633934
instances/N-t65f11xx_150;1;3;0;2449999;3095228;0.485529
instances/N-t65f11xx_150;1;4;0;2449999;3107380;0.330887
instances/N-t65f11xx_250;1;3;0;6689894;8246393;7.844183
instances/N-t65f11xx_250;1;4;0;6689894;8259874;6.387948
instances/N-t65l11xx_150;1;3;0;210520;249662;0.472434
instances/N-t65l11xx_150;1;4;0;210520;251226;0.251492
instances/N-t65l11xx_250;1;3;0;538525;655123;6.191770
instances/N-t65l11xx_250;1;4;0;538525;655517;3.475879
instances/N-t65n11xx_150;1;3;0;411247;535999;0.470248
instances/N-t65n11xx_150;1;4;0;411247;539492;0.348437
instances/N-t65n11xx_250;1;3;0;1135997;1402518;8.909137
instances/N-t65n11xx_250;1;4;0;1135997;1410823;5.730641
instances/N-t69r11xx_150;1;3;0;8631096;11546037;0.572796
instances/N-t69r11xx_150;1;4;0;8631096;11530262;0.429603
instances/N-t69r11xx_250;1;3;0;24501428;31130779;12.459929
instances/N-t69r11xx_250;1;4;0;24501428;31133381;7.478036
instances/N-t70b11xx_150;1;3;0;7599328;9444140;0.624936
instances/N-t70b11xx_150;1;4;0;7599328;9523483;0.393095
instances/N-t70b11xx_250;1;3;0;20669963;24934418;9.029338
instances/N-t70b11xx_250;1;4;0;20669963;24968163;5.752977
instances/N-t70d11xn_150;1;3;0;4588632;5683160;0.615899
instances/N-t70d11xn_150;1;4;0;4588632;5723241;0.397766
instances/N-t70d11xn_250;1;3;0;12367626;14916888;10.137862
instances/N-t70d11xn_250;1;4;0;12367626;15011701;6.220174
instances/N-t70d11xx_150;1;3;0;4884984;6061278;0.650952
instances/N-t70d11xx_150;1;4;0;4884984;6079372;0.519825
instances/N-t70d11xx_250;1;3;0;12830177;15821036;10.696424
instances/N-t70d11xx_250;1;4;0;12830177;15775812;7.150846
instances/N-t70f11xx_150;1;3;0;4015831;5031457;0.556433
instances/N-t70f11xx_150;1;4;0;4015831;5039076;0.443795
instances/N-t70f11xx_250;1;3;0;10973001;13359344;7.280811
instances/N-t70f11xx_250;1;4;0;10973001;13368334;5.665455
instances/N-t70l11xx_150;1;3;0;340295;426159;0.568515
instances/N-t70l11xx_150;1;4;0;340295;426572;0.242466
instances/N-t70l11xx_250;1;3;0;840197;1094097;7.956264
instances/N-t70l11xx_250;1;4;0;840197;1094190;4.305189
instances/N-t70n11xx_150;1;3;0;708698;921659;0.746811
instances/N-t70n11xx_150;1;4;0;708698;933454;0.468443
instances/N-t70n11xx_250;1;3;0;1918759;2397689;9.201489
instances/N-t70n11xx_250;1;4;0;1918759;2399670;6.123006
instances/N-t74d11xx_150;1;3;0;7420776;9232133;0.715108
instances/N-t74d11xx_150;1;4;0;7420776;9283852;0.512658
instances/N-t74d11xx_250;1;3;0;19679653;23947355;11.822814
instances/N-t74d11xx_250;1;4;0;19679653;24105695;7.130870
instances/N-t75d11xx_150;1;3;0;7630130;9478981;0.680867
instances/N-t75d11xx_150;1;4;0;7630130;9562312;0.501904
instances/N-t75d11xx_250;1;3;0;20196806;24647996;10.309061
instances/N-t75d11xx_250;1;4;0;20196806;24628080;8.945443
instances/N-t75e11xx_150;1;3;0;32207248;41052562;0.997437
instances/N-t75e11xx_150;1;4;0;32207248;40860036;0.641487
instances/N-t75e11xx_250;1;3;0;83844860;104460740;11.773373
instances/N-t75e11xx_250;1;4;0;83844860;105143464;7.728109
instances/N-t75k11xx_150;1;3;0;1179477;1517936;0.720124
instances/N-t75k11xx_150;1;4;0;1179477;1520137;0.407378
instances/N-t75k11xx_250;1;3;0;3285695;4019991;9.394934
instances/N-t75k11xx_250;1;4;0;3285695;4010000;6.005495
instances/N-t75n11xx_150;1;3;0;1315463;1704198;0.708321
instances/N-t75n11xx_150;1;4;0;1315463;1696701;0.431679
instances/N-t75n11xx_250;1;3;0;3593475;4427862;9.674596
instances/N-t75n11xx_250;1;4;0;3593475;4452137;6.565619
instances/N-tiw56n54_150;1;3;0;676518;829442;0.605975
instances/N-tiw56n54_150;1;4;0;676518;819717;0.386760
instances/N-tiw56n54_250;1;3;0;1709284;2065037;8.575728
instances/N-tiw56n54_250;1;4;0;1709284;2069940;5.798669
instances/N-tiw56n58_150;1;3;0;915336;1136165;0.622284
instances/N-tiw56n58_150;1;4;0;915336;1138432;0.393966
instances/N-tiw56n58_250;1;3;0;2378299;2860118;10.159365
instances/N-tiw56n58_250;1;4;0;2378299;2863552;6.708974
instances/N-tiw56n62_150;1;3;0;1285241;1592630;0.588662
instances/N-tiw56n62_150;1;4;0;1285241;1596066;0.387073
instances/N-tiw56n62_250;1;3;0;3368115;4070197;9.524480
instances/N-tiw56n62_250;1;4;0;3368115;4074510;6.445838
instances/N-tiw56n66_150;1;3;0;1664444;2067642;0.584914
instances/N-tiw56n66_150;1;4;0;1664444;2073129;0.465185
instances/N-tiw56n66_250;1;3;0;4345014;5271319;9.734874
instances/N-tiw56n66_250;1;4;0;4345014;5301194;6.921349
instances/N-tiw56n67_150;1;3;0;1926677;2332864;0.694698
instances/N-tiw56n67_150;1;4;0;1926677;2337347;0.447790
instances/N-tiw56n67_250;1;3;0;5123029;6252503;10.295108
instances/N-tiw56n67_250;1;4;0;5123029;6233625;6.446247
instances/N-tiw56n72_150;1;3;0;3334262;4096640;0.700070
instances/N-tiw56n72_150;1;4;0;3334262;4085176;0.510360
instances/N-tiw56n72_250;1;3;0;9097895;10990920;9.305651
instances/N-tiw56n72_250;1;4;0;9097895;10958693;6.121756
instances/N-tiw56r54_150;1;3;0;766678;939815;0.621501
instances/N-tiw56r54_150;1;4;0;766678;941645;0.396013
instances/N-tiw56r54_250;1;3;0;1946448;2355853;9.462862
instances/N-tiw56r54_250;1;4;0;1946448;2347319;6.819047
instances/N-tiw56r58_150;1;3;0;960133;1204138;0.637359
instances/N-tiw56r58_150;1;4;0;960133;1196962;0.466155
instances/N-tiw56r58_250;1;3;0;2488155;3002276;8.864223
instances/N-tiw56r58_250;1;4;0;2488155;3010119;6.005341
instances/N-tiw56r66_150;1;3;0;1537816;1894271;0.568812
instances/N-tiw56r66_150;1;4;0;1537816;1907222;0.409276
instances/N-tiw56r66_250;1;3;0;4013847;4867946;9.208765
instances/N-tiw56r66_250;1;4;0;4013847;4887404;6.926873
instances/N-tiw56r67_150;1;3;0;1648916;2011786;0.646752
instances/N-tiw56r67_150;1;4;0;1648916;2032057;0.471696
instances/N-tiw56r67_250;1;3;0;4297549;5215626;10.062951
instances/N-tiw56r67_250;1;4;0;4297549;5240164;6.355298
instances/N-tiw56r72_150;1;3;0;2246380;2787572;0.662689
instances/N-tiw56r72_150;1;4;0;2246380;2768632;0.493431
instances/N-tiw56r72_250;1;3;0;5994298;7317585;9.695947
instances/N-tiw56r72_250;1;4;0;5994298;7357059;7.667649
